user008,user008-5a6780be-s004-2026-02-06T08:47:18.380412Z,,,2.103751,6.827618,Absent
user008,user008-5a6780be-s004-2026-02-06T08:47:18.380412Z,,,9.096456,13.542015,Accept
user008,user008-5a6780be-s004-2026-02-06T08:47:18.380412Z,,,15.219272,19.407231,Accident
user008,user008-5a6780be-s004-2026-02-06T08:47:18.380412Z,,,30.165692,36.309616,Actor
user008,user008-5a6780be-s004-2026-02-06T08:47:18.380412Z,,,39.173224,42.485703,Adopt
user008,user008-5a6780be-s004-2026-02-06T08:47:18.380412Z,,,45.455225,50.746802,Adult
user008,user008-5a6780be-s004-2026-02-06T08:47:18.380412Z,,,52.379626,57.420508,Aeroplane
user008,user008-5a6780be-s004-2026-02-06T08:47:18.380412Z,,,59.071428,63.054759,After
user008,user008-5a6780be-s005-2026-02-06T08:48:46.251290Z,,,1.723574,6.258013,Age
user008,user008-5a6780be-s005-2026-02-06T08:48:46.251290Z,,,8.00362,13.763458,Airport
user008,user008-5a6780be-s005-2026-02-06T08:48:46.251290Z,,,16.043821,20.921874,Alive
user008,user008-5a6780be-s005-2026-02-06T08:48:46.251290Z,,,30.852525,35.599495,All
user008,user008-5a6780be-s005-2026-02-06T08:48:46.251290Z,,,37.996275,42.763814,Alot
user008,user008-5a6780be-s005-2026-02-06T08:48:46.251290Z,,,54.46676,60.669962,Animals
user008,user008-5a6780be-s005-2026-02-06T08:48:46.251290Z,,,62.963791,68.423696,Ant
user008,user008-5a6780be-s005-2026-02-06T08:48:46.251290Z,,,70.54544,75.617097,Anxiety
user008,user008-5a6780be-s005-2026-02-06T08:48:46.251290Z,,,77.482759,81.07008,Any
user008,user008-5a6780be-s005-2026-02-06T08:48:46.251290Z,,,82.953108,87.269018,Approve
user008,user008-5a6780be-s005-2026-02-06T08:48:46.251290Z,,,90.454544,96.414856,Artist
user008,user008-5a6780be-s005-2026-02-06T08:48:46.251290Z,,,100.369482,105.499036,Aunt
user008,user008-5a6780be-s005-2026-02-06T08:48:46.251290Z,,,125.220663,130.910378,Author
user008,user008-5a6780be-s006-2026-02-06T08:53:35.138247Z,,,5.47775,9.570582,Baby
user008,user008-5a6780be-s006-2026-02-06T08:53:35.138247Z,,,11.530446,15.760633,Back
user008,user008-5a6780be-s006-2026-02-06T08:53:35.138247Z,,,17.548333,21.657716,Bad
user008,user008-5a6780be-s006-2026-02-06T08:53:35.138247Z,,,23.949701,27.798507,Badge
user008,user008-5a6780be-s007-2026-02-06T08:58:29.112447Z,,,3.378935,7.178107,Bag
user008,user008-5a6780be-s007-2026-02-06T08:58:29.112447Z,,,9.115132,12.974491,Bail
user008,user008-5a6780be-s007-2026-02-06T08:58:29.112447Z,,,17.148473,22.043484,Bald
user008,user008-5a6780be-s007-2026-02-06T08:58:29.112447Z,,,23.550802,28.123372,Ball
user008,user008-5a6780be-s011-2026-02-06T09:08:38.561276Z,,,1.581578,8.504301,Ballet
user008,user008-5a6780be-s011-2026-02-06T09:08:38.561276Z,,,10.3875,15.374621,Balloon
user008,user008-5a6780be-s011-2026-02-06T09:08:38.561276Z,,,26.609464,30.676358,Ban
user008,user008-5a6780be-s011-2026-02-06T09:08:38.561276Z,,,32.377596,37.729404,Bandaid
user008,user008-5a6780be-s011-2026-02-06T09:08:38.561276Z,,,40.437191,44.794174,Bank
user008,user008-5a6780be-s011-2026-02-06T09:08:38.561276Z,,,47.985284,53.45039,Baseball
user008,user008-5a6780be-s011-2026-02-06T09:08:38.561276Z,,,57.283052,63.378087,Basket
user008,user008-5a6780be-s011-2026-02-06T09:08:38.561276Z,,,66.339999,71.429928,Basketball
user008,user008-5a6780be-s011-2026-02-06T09:08:38.561276Z,,,73.342342,78.23748,Bath
user008,user008-5a6780be-s011-2026-02-06T09:08:38.561276Z,,,79.881733,85.220971,Bathroom
user008,user008-5a6780be-s011-2026-02-06T09:08:38.561276Z,,,90.898661,96.098125,Beach
user008,user008-5a6780be-s011-2026-02-06T09:08:38.561276Z,,,98.429072,103.432307,Bear
user008,user008-5a6780be-s011-2026-02-06T09:08:38.561276Z,,,106.793921,112.566466,Beat
user008,user008-5a6780be-s011-2026-02-06T09:08:38.561276Z,,,115.551096,120.646893,Beautiful
user008,user008-5a6780be-s013-2026-02-06T09:11:14.832881Z,,,6.351623,11.004485,Become
user008,user008-5a6780be-s013-2026-02-06T09:11:14.832881Z,,,12.929573,18.543615,Beetroot
user008,user008-5a6780be-s013-2026-02-06T09:11:14.832881Z,,,20.040353,24.366208,Before
user008,user008-5a6780be-s013-2026-02-06T09:11:14.832881Z,,,26.299491,30.439289,Behind
user008,user008-5a6780be-s013-2026-02-06T09:11:14.832881Z,,,32.113213,36.816336,Bell
user008,user008-5a6780be-s013-2026-02-06T09:11:14.832881Z,,,39.031254,43.364563,Belt
user008,user008-5a6780be-s013-2026-02-06T09:11:14.832881Z,,,45.214169,49.313058,Better
user008,user008-5a6780be-s013-2026-02-06T09:11:14.832881Z,,,62.051912,68.563324,Bib
user008,user008-5a6780be-s013-2026-02-06T09:11:14.832881Z,,,70.224466,74.299257,Big
user008,user008-5a6780be-s013-2026-02-06T09:11:14.832881Z,,,76.601044,82.128379,Bill
user008,user008-5a6780be-s013-2026-02-06T09:11:14.832881Z,,,84.064492,89.110405,Birds
user008,user008-5a6780be-s013-2026-02-06T09:11:14.832881Z,,,90.789265,94.743303,Birthday
user008,user008-5a6780be-s013-2026-02-06T09:11:14.832881Z,,,96.493296,100.721451,Biscuit
user008,user008-5a6780be-s013-2026-02-06T09:11:14.832881Z,,,106.829213,111.388453,Bite
user008,user008-5a6780be-s013-2026-02-06T09:11:14.832881Z,,,112.740908,116.822913,Black
user008,user008-5a6780be-s015-2026-02-06T09:13:49.883522Z,,,1.584786,5.269302,Blow
user008,user008-5a6780be-s016-2026-02-06T09:14:08.126738Z,,,1.654122,5.417242,Blue
user008,user008-5a6780be-s016-2026-02-06T09:14:08.126738Z,,,6.993606,11.90614,Boat
user008,user008-5a6780be-s016-2026-02-06T09:14:08.126738Z,,,16.628988,21.360722,Bolt
user008,user008-5a6780be-s016-2026-02-06T09:14:08.126738Z,,,22.803808,27.017087,Book
user008,user008-5a6780be-s016-2026-02-06T09:14:08.126738Z,,,29.735375,34.03775,Bowl
user008,user008-5a6780be-s016-2026-02-06T09:14:08.126738Z,,,35.495204,39.823582,Boy
user008,user008-5a6780be-s016-2026-02-06T09:14:08.126738Z,,,41.557803,47.473899,Brain
user008,user008-5a6780be-s016-2026-02-06T09:14:08.126738Z,,,55.265391,60.332106,Bread
user008,user008-5a6780be-s016-2026-02-06T09:14:08.126738Z,,,62.54147,67.32273,Breathe
user008,user008-5a6780be-s016-2026-02-06T09:14:08.126738Z,,,68.98751,73.821083,Bright
user008,user008-5a6780be-s016-2026-02-06T09:14:08.126738Z,,,78.91024,82.679026,Brown
user008,user008-5a6780be-s016-2026-02-06T09:14:08.126738Z,,,87.07039,92.058119,Bullockcart
user008,user008-5a6780be-s016-2026-02-06T09:14:08.126738Z,,,94.907183,99.889582,Bus
user008,user008-5a6780be-s016-2026-02-06T09:14:08.126738Z,,,107.093907,111.596443,Button
user008,user008-5a6780be-s018-2026-02-06T09:19:03.205514Z,,,2.698103,6.827364,Byte
user008,user008-5a6780be-s018-2026-02-06T09:19:03.205514Z,,,12.801186,19.340465,Cage
user008,user008-5a6780be-s018-2026-02-06T09:19:03.205514Z,,,20.757539,24.909778,Calculator
user008,user008-5a6780be-s018-2026-02-06T09:19:03.205514Z,,,36.856041,43.331293,Calf
user008,user008-5a6780be-s018-2026-02-06T09:19:03.205514Z,,,44.702963,48.726115,Call
user008,user008-5a6780be-s018-2026-02-06T09:19:03.205514Z,,,49.974883,54.197402,Camera
user008,user008-5a6780be-s023-2026-02-06T09:28:42.600757Z,,,1.143852,13.963536,Campus
user008,user008-5a6780be-s023-2026-02-06T09:28:42.600757Z,,,16.675102,21.119026,Candle
user008,user008-5a6780be-s026-2026-02-06T09:32:27.668107Z,,,11.849716,15.95582,Candy
user008,user008-5a6780be-s026-2026-02-06T09:32:27.668107Z,,,20.812107,24.83191,Capital
user008,user008-5a6780be-s026-2026-02-06T09:32:27.668107Z,,,29.589538,34.046445,Car
user008,user008-5a6780be-s026-2026-02-06T09:32:27.668107Z,,,36.000881,39.987876,Careful
user008,user008-5a6780be-s026-2026-02-06T09:32:27.668107Z,,,42.443114,47.353456,Cat
user008,user008-5a6780be-s026-2026-02-06T09:32:27.668107Z,,,50.336498,55.417345,Catch
user008,user008-5a6780be-s026-2026-02-06T09:32:27.668107Z,,,59.433088,65.867695,Cave
user008,user008-5a6780be-s030-2026-02-06T09:39:40.741183Z,,,9.259306,13.564768,Century
user008,user008-5a6780be-s030-2026-02-06T09:39:40.741183Z,,,14.814391,17.780246,Chair
user008,user008-5a6780be-s030-2026-02-06T09:39:40.741183Z,,,19.197493,22.436657,Change
user008,user008-5a6780be-s030-2026-02-06T09:39:40.741183Z,,,26.378778,30.260951,Chart
user008,user008-5a6780be-s030-2026-02-06T09:39:40.741183Z,,,34.047322,37.916126,Cheap
user008,user008-5a6780be-s030-2026-02-06T09:39:40.741183Z,,,40.345451,44.010073,Child
user008,user008-5a6780be-s031-2026-02-06T09:41:28.303665Z,,,2.885656,6.513289,City
user008,user008-5a6780be-s031-2026-02-06T09:41:28.303665Z,,,11.110068,16.48637,Clarify
user008,user008-5a6780be-s033-2026-02-06T09:42:34.577544Z,,,11.277105,14.582775,Clean
user008,user008-5a6780be-s033-2026-02-06T09:42:34.577544Z,,,16.209848,21.158592,Clock
user008,user008-5a6780be-s033-2026-02-06T09:42:34.577544Z,,,22.829915,27.004993,Close
user008,user008-5a6780be-s033-2026-02-06T09:42:34.577544Z,,,29.096339,33.543078,Cloth
user008,user008-5a6780be-s033-2026-02-06T09:42:34.577544Z,,,35.203323,38.771361,Coat
user008,user008-5a6780be-s033-2026-02-06T09:42:34.577544Z,,,45.163619,49.359954,Coin
user008,user008-5a6780be-s033-2026-02-06T09:42:34.577544Z,,,51.239458,55.040199,Cold
user008,user008-5a6780be-s033-2026-02-06T09:42:34.577544Z,,,56.701308,60.273204,Colour
user008,user008-5a6780be-s033-2026-02-06T09:42:34.577544Z,,,61.88321,66.252473,Comb
user008,user008-5a6780be-s033-2026-02-06T09:42:34.577544Z,,,68.445444,71.629359,Computer
user008,user008-5a6780be-s033-2026-02-06T09:42:34.577544Z,,,76.077785,79.429722,Concept
user008,user008-5a6780be-s033-2026-02-06T09:42:34.577544Z,,,83.264137,87.040238,Cook
user008,user008-5a6780be-s033-2026-02-06T09:42:34.577544Z,,,88.353906,91.981538,Cool
user008,user008-5a6780be-s034-2026-02-06T09:50:17.036970Z,,,2.467118,6.75164,Court
user008,user008-5a6780be-s034-2026-02-06T09:50:17.036970Z,,,8.06369,11.863384,Cow
user008,user008-5a6780be-s034-2026-02-06T09:50:17.036970Z,,,14.257969,17.941406,Cry
user008,user008-5a6780be-s034-2026-02-06T09:50:17.036970Z,,,19.454261,23.85323,Cupboard
user008,user008-5a6780be-s034-2026-02-06T09:50:17.036970Z,,,30.769316,34.046371,Cure
user008,user008-5a6780be-s034-2026-02-06T09:50:17.036970Z,,,35.570629,38.901128,Cute
user008,user008-5a6780be-s034-2026-02-06T09:50:17.036970Z,,,40.761308,44.770921,Cycle
user008,user008-5a6780be-s034-2026-02-06T09:50:17.036970Z,,,47.078719,50.971432,Dance
user008,user008-5a6780be-s034-2026-02-06T09:50:17.036970Z,,,52.538863,56.191614,Dark
user008,user008-5a6780be-s035-2026-02-06T09:52:27.470552Z,,,5.301025,9.452812,Dash
user008,user008-5a6780be-s035-2026-02-06T09:52:27.470552Z,,,11.107798,15.668619,Date
user008,user008-5a6780be-s035-2026-02-06T09:52:27.470552Z,,,17.356069,21.365276,Daughter
user008,user008-5a6780be-s035-2026-02-06T09:52:27.470552Z,,,22.547622,26.252929,Day
user008,user008-5a6780be-s035-2026-02-06T09:52:27.470552Z,,,30.120739,35.097475,Daydream
user008,user008-5a6780be-s035-2026-02-06T09:52:27.470552Z,,,38.0129,42.53097,Deadline
user008,user008-5a6780be-s041-2026-02-09T16:53:06.942625Z,,,6.342903,9.802759,Deaf
user008,user008-5a6780be-s041-2026-02-09T16:53:06.942625Z,,,11.696613,15.868556,Deer
user008,user008-5a6780be-s041-2026-02-09T16:53:06.942625Z,,,18.845353,22.804028,Discount
user008,user008-5a6780be-s041-2026-02-09T16:53:06.942625Z,,,25.096479,29.418625,Doctor
user008,user008-5a6780be-s041-2026-02-09T16:53:06.942625Z,,,30.81581,35.228862,Dog
user008,user008-5a6780be-s041-2026-02-09T16:53:06.942625Z,,,38.226688,43.004408,Donkey
user008,user008-5a6780be-s041-2026-02-09T16:53:06.942625Z,,,45.143412,49.519304,Door
user008,user008-5a6780be-s041-2026-02-09T16:53:06.942625Z,,,50.900885,54.744073,Dream
user008,user008-5a6780be-s041-2026-02-09T16:53:06.942625Z,,,56.636082,60.806325,Dress
user008,user008-5a6780be-s041-2026-02-09T16:53:06.942625Z,,,62.513749,65.953134,Drink
user008,user008-5a6780be-s041-2026-02-09T16:53:06.942625Z,,,67.690316,71.755695,Dry
user008,user008-5a6780be-s041-2026-02-09T16:53:06.942625Z,,,73.763349,78.059851,Duck
user008,user008-5a6780be-s042-2026-02-09T16:54:44.171117Z,,,2.781665,7.76995,Eagle
user008,user008-5a6780be-s042-2026-02-09T16:54:44.171117Z,,,9.884353,14.51396,Earrings
user008,user008-5a6780be-s042-2026-02-09T16:54:44.171117Z,,,16.340983,20.289983,Earthquake
user008,user008-5a6780be-s042-2026-02-09T16:54:44.171117Z,,,22.925051,27.335768,East
user008,user008-5a6780be-s042-2026-02-09T16:54:44.171117Z,,,28.613665,32.129108,Easy
user008,user008-5a6780be-s042-2026-02-09T16:54:44.171117Z,,,33.534669,36.834993,Eat
user008,user008-5a6780be-s047-2026-02-09T16:58:42.692854Z,,,9.753563,14.203824,Editor
user008,user008-5a6780be-s047-2026-02-09T16:58:42.692854Z,,,15.898243,19.600087,Education
user008,user008-5a6780be-s047-2026-02-09T16:58:42.692854Z,,,21.831151,25.789456,Election
user008,user008-5a6780be-s047-2026-02-09T16:58:42.692854Z,,,28.087805,31.962961,Elephant
user008,user008-5a6780be-s047-2026-02-09T16:58:42.692854Z,,,34.14362,37.434786,Energy
user008,user008-5a6780be-s048-2026-02-09T16:59:34.583043Z,,,3.047182,8.42734,Enter
user008,user008-5a6780be-s048-2026-02-09T16:59:34.583043Z,,,10.207826,13.27691,Evening
user008,user008-5a6780be-s048-2026-02-09T16:59:34.583043Z,,,14.893166,18.515185,Exercise
user008,user008-5a6780be-s048-2026-02-09T16:59:34.583043Z,,,20.300966,24.503375,Expensive
user008,user008-5a6780be-s048-2026-02-09T16:59:34.583043Z,,,26.122111,30.283033,Factory
user008,user008-5a6780be-s048-2026-02-09T16:59:34.583043Z,,,35.177937,38.651695,Fall
user008,user008-5a6780be-s048-2026-02-09T16:59:34.583043Z,,,43.172265,46.657376,Family
user008,user008-5a6780be-s048-2026-02-09T16:59:34.583043Z,,,48.354855,52.297131,Famous
user008,user008-5a6780be-s048-2026-02-09T16:59:34.583043Z,,,53.636056,56.874665,Fan
user008,user008-5a6780be-s048-2026-02-09T16:59:34.583043Z,,,58.523195,63.60933,Farm
user008,user008-5a6780be-s048-2026-02-09T16:59:34.583043Z,,,65.284372,67.9573,Fast
user008,user008-5a6780be-s048-2026-02-09T16:59:34.583043Z,,,69.4346,72.490068,Fat
user008,user008-5a6780be-s048-2026-02-09T16:59:34.583043Z,,,74.206234,77.446757,Father
user008,user008-5a6780be-s048-2026-02-09T16:59:34.583043Z,,,79.075725,82.414274,Favourite
user008,user008-5a6780be-s048-2026-02-09T16:59:34.583043Z,,,83.995751,87.121262,Fear
user008,user008-5a6780be-s048-2026-02-09T16:59:34.583043Z,,,93.618841,96.198424,Feel
user008,user008-5a6780be-s048-2026-02-09T16:59:34.583043Z,,,97.875889,100.927131,Female
user008,user008-5a6780be-s048-2026-02-09T16:59:34.583043Z,,,102.303626,105.181495,Few
user008,user008-5a6780be-s048-2026-02-09T16:59:34.583043Z,,,109.608127,112.990426,Find
user008,user008-5a6780be-s048-2026-02-09T16:59:34.583043Z,,,114.626069,117.942897,Fine
user008,user008-5a6780be-s048-2026-02-09T16:59:34.583043Z,,,119.730912,123.294655,Finish
user008,user008-5a6780be-s048-2026-02-09T16:59:34.583043Z,,,125.911846,129.353956,Fire
user008,user008-5a6780be-s048-2026-02-09T16:59:34.583043Z,,,131.99209,135.591779,Fish
user008,user008-5a6780be-s051-2026-02-09T17:03:27.930280Z,,,4.56321,7.7156,Flag
user008,user008-5a6780be-s051-2026-02-09T17:03:27.930280Z,,,9.096193,11.670502,Flower
user008,user008-5a6780be-s051-2026-02-09T17:03:27.930280Z,,,12.895094,15.462505,Food
user008,user008-5a6780be-s051-2026-02-09T17:03:27.930280Z,,,17.013032,20.381401,Football
user008,user008-5a6780be-s051-2026-02-09T17:03:27.930280Z,,,22.219632,26.470786,Fox
user008,user008-5a6780be-s051-2026-02-09T17:03:27.930280Z,,,28.343844,31.008377,Friend
user008,user008-5a6780be-s051-2026-02-09T17:03:27.930280Z,,,32.133011,36.179574,Funny
user008,user008-5a6780be-s051-2026-02-09T17:03:27.930280Z,,,41.173192,44.172408,Game
user008,user008-5a6780be-s051-2026-02-09T17:03:27.930280Z,,,45.788967,49.383589,Garden
user008,user008-5a6780be-s051-2026-02-09T17:03:27.930280Z,,,51.633964,54.489085,Gate
user008,user008-5a6780be-s051-2026-02-09T17:03:27.930280Z,,,56.207082,58.591012,Get
user008,user008-5a6780be-s051-2026-02-09T17:03:27.930280Z,,,60.279798,62.484813,Gift
user008,user008-5a6780be-s051-2026-02-09T17:03:27.930280Z,,,64.486286,68.540618,Giraffe
user008,user008-5a6780be-s051-2026-02-09T17:03:27.930280Z,,,70.107976,72.734902,Girl
user008,user008-5a6780be-s051-2026-02-09T17:03:27.930280Z,,,74.14306,76.581656,Give
user008,user008-5a6780be-s051-2026-02-09T17:03:27.930280Z,,,78.665548,81.394901,Glass
user008,user008-5a6780be-s051-2026-02-09T17:03:27.930280Z,,,91.589929,97.767619,Glove
user008,user008-5a6780be-s051-2026-02-09T17:03:27.930280Z,,,99.032109,102.847494,Gloves
user008,user008-5a6780be-s051-2026-02-09T17:03:27.930280Z,,,104.161746,106.688218,Go
user008,user008-5a6780be-s051-2026-02-09T17:03:27.930280Z,,,108.688065,111.732456,God
user008,user008-5a6780be-s051-2026-02-09T17:03:27.930280Z,,,115.350453,119.81123,Golf
user008,user008-5a6780be-s051-2026-02-09T17:03:27.930280Z,,,121.146463,124.023786,Good
user008,user008-5a6780be-s051-2026-02-09T17:03:27.930280Z,,,125.532911,128.48009,Goodafternoon
user008,user008-5a6780be-s051-2026-02-09T17:03:27.930280Z,,,129.68551,132.546729,Goodevening
user008,user008-5a6780be-s051-2026-02-09T17:03:27.930280Z,,,133.709359,136.456592,Goodmorning
user008,user008-5a6780be-s051-2026-02-09T17:03:27.930280Z,,,137.595778,140.2168,Goodnight
user008,user008-5a6780be-s051-2026-02-09T17:03:27.930280Z,,,141.487178,144.866588,Google
user008,user008-5a6780be-s051-2026-02-09T17:03:27.930280Z,,,148.221773,150.918548,Grandfather
user008,user008-5a6780be-s051-2026-02-09T17:03:27.930280Z,,,152.203737,154.981119,Grandmother
user008,user008-5a6780be-s051-2026-02-09T17:03:27.930280Z,,,156.303826,162.266637,Green
user008,user008-5a6780be-s052-2026-02-09T17:08:18.240756Z,,,2.30882,6.426395,Grey
user008,user008-5a6780be-s053-2026-02-09T17:10:12.461646Z,,,1.665491,4.011266,Gun
user008,user008-5a6780be-s053-2026-02-09T17:10:12.461646Z,,,8.34051,10.872013,Half
user008,user008-5a6780be-s053-2026-02-09T17:10:12.461646Z,,,13.286579,16.127246,Hammer
user008,user008-5a6780be-s053-2026-02-09T17:10:12.461646Z,,,17.731732,20.113147,Handcuffs
user008,user008-5a6780be-s053-2026-02-09T17:10:12.461646Z,,,24.6382,28.65478,Handle
user008,user008-5a6780be-s053-2026-02-09T17:10:12.461646Z,,,39.21171,44.939349,Hang
user008,user008-5a6780be-s053-2026-02-09T17:10:12.461646Z,,,46.059663,48.279152,Happy
user008,user008-5a6780be-s053-2026-02-09T17:10:12.461646Z,,,50.14189,53.217087,Hard
user008,user008-5a6780be-s053-2026-02-09T17:10:12.461646Z,,,55.066026,57.950507,Hat
user008,user008-5a6780be-s053-2026-02-09T17:10:12.461646Z,,,60.229841,62.649688,Have
user008,user008-5a6780be-s053-2026-02-09T17:10:12.461646Z,,,64.434236,66.628005,He
user008,user008-5a6780be-s053-2026-02-09T17:10:12.461646Z,,,68.266627,70.650793,Head
user008,user008-5a6780be-s053-2026-02-09T17:10:12.461646Z,,,72.18965,74.40551,Health
user008,user008-5a6780be-s053-2026-02-09T17:10:12.461646Z,,,75.754262,77.818923,Hearing
user008,user008-5a6780be-s053-2026-02-09T17:10:12.461646Z,,,79.193189,82.351856,Heart
user008,user008-5a6780be-s053-2026-02-09T17:10:12.461646Z,,,83.68269,85.929208,Heavy
user008,user008-5a6780be-s053-2026-02-09T17:10:12.461646Z,,,87.113951,89.265068,Hello
user008,user008-5a6780be-s053-2026-02-09T17:10:12.461646Z,,,90.548109,92.766942,Help
user008,user008-5a6780be-s053-2026-02-09T17:10:12.461646Z,,,95.108885,97.619261,Her
user008,user008-5a6780be-s055-2026-02-09T17:12:31.781161Z,,,2.023821,5.155168,Hideandseek
user008,user008-5a6780be-s055-2026-02-09T17:12:31.781161Z,,,8.538941,11.693277,Hill
user008,user008-5a6780be-s055-2026-02-09T17:12:31.781161Z,,,14.131837,17.072784,His
user008,user008-5a6780be-s055-2026-02-09T17:12:31.781161Z,,,19.152767,21.961557,Hit
user008,user008-5a6780be-s055-2026-02-09T17:12:31.781161Z,,,24.070575,26.593859,Holiday
user008,user008-5a6780be-s055-2026-02-09T17:12:31.781161Z,,,33.862078,36.040131,Horse
user008,user008-5a6780be-s055-2026-02-09T17:12:31.781161Z,,,37.821613,39.888031,Hot
user008,user008-5a6780be-s055-2026-02-09T17:12:31.781161Z,,,41.060682,43.441683,Hour
user008,user008-5a6780be-s055-2026-02-09T17:12:31.781161Z,,,45.205948,48.174248,House
user008,user008-5a6780be-s055-2026-02-09T17:12:31.781161Z,,,49.685437,52.074888,Husband
user008,user008-5a6780be-s055-2026-02-09T17:12:31.781161Z,,,53.875591,56.141375,I
user008,user008-5a6780be-s055-2026-02-09T17:12:31.781161Z,,,59.19402,63.041194,Income
user008,user008-5a6780be-s055-2026-02-09T17:12:31.781161Z,,,64.450273,67.629607,India
user008,user008-5a6780be-s055-2026-02-09T17:12:31.781161Z,,,69.097384,71.289773,It
user008,user008-5a6780be-s055-2026-02-09T17:12:31.781161Z,,,72.583521,75.887824,Jail
user008,user008-5a6780be-s055-2026-02-09T17:12:31.781161Z,,,77.21977,80.13289,Jealous
user008,user008-5a6780be-s055-2026-02-09T17:12:31.781161Z,,,81.621459,86.375845,Jewelery
user008,user008-5a6780be-s055-2026-02-09T17:12:31.781161Z,,,93.316639,96.151917,Job
user008,user008-5a6780be-s055-2026-02-09T17:12:31.781161Z,,,97.644886,99.968108,Join
user008,user008-5a6780be-s055-2026-02-09T17:12:31.781161Z,,,108.49,114.167435,Judge
user008,user008-5a6780be-s055-2026-02-09T17:12:31.781161Z,,,123.017329,125.992115,Justify
user008,user008-5a6780be-s055-2026-02-09T17:12:31.781161Z,,,127.486073,129.581641,Key
user008,user008-5a6780be-s055-2026-02-09T17:12:31.781161Z,,,131.151243,135.069088,Kid
user008,user008-5a6780be-s055-2026-02-09T17:12:31.781161Z,,,136.778405,139.816977,Kidnap
user008,user008-5a6780be-s055-2026-02-09T17:12:31.781161Z,,,144.219086,148.105767,King
user008,user008-5a6780be-s055-2026-02-09T17:12:31.781161Z,,,153.272144,157.013122,Kitchen
user008,user008-5a6780be-s055-2026-02-09T17:12:31.781161Z,,,159.249346,161.780913,Kite
user008,user008-5a6780be-s056-2026-02-09T17:36:44.054650Z,,,10.920823,13.621768,Knife
user008,user008-5a6780be-s056-2026-02-09T17:36:44.054650Z,,,17.420989,20.283161,Knock
user008,user008-5a6780be-s056-2026-02-09T17:36:44.054650Z,,,22.833704,27.629517,Ladder
user008,user008-5a6780be-s056-2026-02-09T17:36:44.054650Z,,,28.949813,31.549216,Lady
user008,user008-5a6780be-s056-2026-02-09T17:36:44.054650Z,,,33.862592,36.23793,Lamp
user008,user008-5a6780be-s056-2026-02-09T17:36:44.054650Z,,,41.194327,44.240267,Laptop
user008,user008-5a6780be-s056-2026-02-09T17:36:44.054650Z,,,46.306266,48.435203,Large
user008,user008-5a6780be-s056-2026-02-09T17:36:44.054650Z,,,49.926887,52.519419,Lawyer
user008,user008-5a6780be-s056-2026-02-09T17:36:44.054650Z,,,56.618772,58.620701,Letter
user008,user008-5a6780be-s056-2026-02-09T17:36:44.054650Z,,,60.458553,63.656589,Library
user008,user008-5a6780be-s056-2026-02-09T17:36:44.054650Z,,,65.597325,68.065497,Light
user008,user008-5a6780be-s056-2026-02-09T17:36:44.054650Z,,,71.317646,74.68549,Lightning
user008,user008-5a6780be-s056-2026-02-09T17:36:44.054650Z,,,78.612365,82.355717,Lion
user008,user008-5a6780be-s056-2026-02-09T17:36:44.054650Z,,,86.943327,88.837899,Little
user008,user008-5a6780be-s057-2026-02-09T17:38:43.936430Z,,,5.801689,8.984462,Liver
user008,user008-5a6780be-s057-2026-02-09T17:38:43.936430Z,,,11.37971,14.474804,Location
user008,user008-5a6780be-s057-2026-02-09T17:38:43.936430Z,,,16.602872,19.975825,Lock
user008,user008-5a6780be-s057-2026-02-09T17:38:43.936430Z,,,21.853641,24.729222,Loud
user008,user008-5a6780be-s057-2026-02-09T17:38:43.936430Z,,,27.295666,29.854489,Low
user008,user008-5a6780be-s057-2026-02-09T17:38:43.936430Z,,,31.391513,34.254033,Lunch
user008,user008-5a6780be-s057-2026-02-09T17:38:43.936430Z,,,36.152718,38.547692,Man
user008,user008-5a6780be-s057-2026-02-09T17:38:43.936430Z,,,42.225084,45.690538,Manager
user008,user008-5a6780be-s057-2026-02-09T17:38:43.936430Z,,,47.17596,49.533552,Mango
user008,user008-5a6780be-s057-2026-02-09T17:38:43.936430Z,,,51.300263,54.172493,Market
user008,user008-5a6780be-s057-2026-02-09T17:38:43.936430Z,,,59.048191,61.211089,Marry
user008,user008-5a6780be-s057-2026-02-09T17:38:43.936430Z,,,66.811413,70.64495,Mask
user008,user008-5a6780be-s058-2026-02-09T17:49:12.837113Z,,,13.629645,16.791853,Mat
user008,user008-5a6780be-s058-2026-02-09T17:49:12.837113Z,,,18.312467,20.826898,Mean
user008,user008-5a6780be-s058-2026-02-09T17:49:12.837113Z,,,22.556532,24.583962,Medicine
user008,user008-5a6780be-s058-2026-02-09T17:49:12.837113Z,,,25.773819,27.974737,Meeting
user008,user008-5a6780be-s058-2026-02-09T17:49:12.837113Z,,,29.282429,31.320758,Monday
user008,user008-5a6780be-s058-2026-02-09T17:49:12.837113Z,,,32.49196,35.423941,Monkey
user008,user008-5a6780be-s058-2026-02-09T17:49:12.837113Z,,,51.192237,55.248789,Monsoon
user008,user008-5a6780be-s058-2026-02-09T17:49:12.837113Z,,,59.594182,61.284836,Month
user008,user008-5a6780be-s058-2026-02-09T17:49:12.837113Z,,,62.359478,65.943641,Moon
user008,user008-5a6780be-s058-2026-02-09T17:49:12.837113Z,,,69.86133,71.95144,Morning
user008,user008-5a6780be-s058-2026-02-09T17:49:12.837113Z,,,73.766285,75.967787,Mother
user008,user008-5a6780be-s058-2026-02-09T17:49:12.837113Z,,,79.097097,82.009102,Motor
user008,user008-5a6780be-s058-2026-02-09T17:49:12.837113Z,,,83.866759,88.810293,Mouse
user008,user008-5a6780be-s058-2026-02-09T17:49:12.837113Z,,,90.869912,93.639732,Mouth
user008,user008-5a6780be-s058-2026-02-09T17:49:12.837113Z,,,99.501187,101.972707,Mouth
user008,user008-5a6780be-s058-2026-02-09T17:49:12.837113Z,,,104.514742,107.563999,Movie
user008,user008-5a6780be-s058-2026-02-09T17:49:12.837113Z,,,109.536462,112.210931,Mug
user008,user008-5a6780be-s058-2026-02-09T17:49:12.837113Z,,,113.750142,116.775491,Music
user008,user008-5a6780be-s058-2026-02-09T17:49:12.837113Z,,,118.19193,120.402977,Myself
user008,user008-d149fa91-s004-2026-01-22T22:34:15.496440Z,,,12.98287,16.952532,Absent
user008,user008-d149fa91-s004-2026-01-22T22:34:15.496440Z,,,19.619086,23.861013,Accept
user008,user008-d149fa91-s004-2026-01-22T22:34:15.496440Z,,,26.332951,30.805548,Accident
user008,user008-d149fa91-s004-2026-01-22T22:34:15.496440Z,,,35.421117,41.620853,Actor
user008,user008-d149fa91-s004-2026-01-22T22:34:15.496440Z,,,45.585072,50.337439,Adopt
user008,user008-d149fa91-s004-2026-01-22T22:34:15.496440Z,,,53.108352,59.63094,Adult
user008,user008-d149fa91-s004-2026-01-22T22:34:15.496440Z,,,63.055401,68.155728,Aeroplane
user008,user008-d149fa91-s004-2026-01-22T22:34:15.496440Z,,,70.993621,76.10164,After
user008,user008-d149fa91-s004-2026-01-22T22:34:15.496440Z,,,79.789434,84.611528,Age
user008,user008-d149fa91-s004-2026-01-22T22:34:15.496440Z,,,88.907248,94.524395,Airport
user008,user008-d149fa91-s004-2026-01-22T22:34:15.496440Z,,,98.396853,102.883482,Alive
user008,user008-d149fa91-s004-2026-01-22T22:34:15.496440Z,,,106.02112,110.401682,All
user008,user008-d149fa91-s004-2026-01-22T22:34:15.496440Z,,,113.770761,118.964977,Alot
user008,user008-d149fa91-s005-2026-01-22T22:36:45.940344Z,,,2.209054,9.046366,Animals
user008,user008-d149fa91-s005-2026-01-22T22:36:45.940344Z,,,12.368454,17.598262,Ant
user008,user008-d149fa91-s006-2026-01-22T22:38:02.071300Z,,,2.437919,9.080332,Anxiety
user008,user008-d149fa91-s006-2026-01-22T22:38:02.071300Z,,,12.092101,16.833104,Any
user008,user008-d149fa91-s006-2026-01-22T22:38:02.071300Z,,,20.776482,24.964666,Approve
user008,user008-d149fa91-s006-2026-01-22T22:38:02.071300Z,,,29.367318,34.834166,Artist
user008,user008-d149fa91-s006-2026-01-22T22:38:02.071300Z,,,38.552545,44.201974,Aunt
user008,user008-d149fa91-s007-2026-01-22T22:39:34.958176Z,,,2.038699,10.02241,Author
user008,user008-d149fa91-s007-2026-01-22T22:39:34.958176Z,,,12.975293,17.766319,Baby
user008,user008-d149fa91-s008-2026-01-22T22:40:21.613256Z,,,2.880871,6.725879,Back
user008,user008-d149fa91-s008-2026-01-22T22:40:21.613256Z,,,8.992546,12.934267,Bad
user008,user008-d149fa91-s010-2026-01-22T22:42:56.925413Z,,,1.190723,5.112783,Badge
user008,user008-d149fa91-s010-2026-01-22T22:42:56.925413Z,,,8.173497,12.669284,Bag
user008,user008-d149fa91-s012-2026-01-22T22:43:52.773697Z,,,2.059527,9.39101,Bail
user008,user008-d149fa91-s013-2026-01-22T22:44:27.261987Z,,,10.77521,16.565506,Bald
user008,user008-d149fa91-s013-2026-01-22T22:44:27.261987Z,,,18.764394,24.099677,Ball
user008,user008-d149fa91-s014-2026-01-22T22:45:46.807876Z,,,1.343548,8.655925,Ballet
user008,user008-d149fa91-s014-2026-01-22T22:45:46.807876Z,,,10.544566,15.050722,Balloon
user008,user008-d149fa91-s014-2026-01-22T22:45:46.807876Z,,,19.642921,24.622001,Ban
user008,user008-d149fa91-s014-2026-01-22T22:45:46.807876Z,,,36.249225,41.024078,Bandaid
user008,user008-d149fa91-s014-2026-01-22T22:45:46.807876Z,,,43.506908,48.574946,Bank
user008,user008-d149fa91-s014-2026-01-22T22:45:46.807876Z,,,54.684408,60.362413,Baseball
user008,user008-d149fa91-s014-2026-01-22T22:45:46.807876Z,,,69.194132,76.438925,Basket
user008,user008-d149fa91-s014-2026-01-22T22:45:46.807876Z,,,79.679047,85.206929,Basketball
user008,user008-d149fa91-s014-2026-01-22T22:45:46.807876Z,,,87.895207,93.039705,Bath
user008,user008-d149fa91-s014-2026-01-22T22:45:46.807876Z,,,95.581358,101.98127,Bathroom
user008,user008-d149fa91-s015-2026-01-22T22:48:22.190192Z,,,8.828039,15.102131,Beach
user008,user008-d149fa91-s015-2026-01-22T22:48:22.190192Z,,,17.824417,23.662763,Bear
user008,user008-d149fa91-s016-2026-01-22T22:49:05.974788Z,,,2.349701,9.336395,Beat
user008,user008-d149fa91-s016-2026-01-22T22:49:05.974788Z,,,11.301455,16.47006,Beautiful
user008,user008-d149fa91-s017-2026-01-22T22:49:41.636157Z,,,7.024282,11.336053,Become
user008,user008-d149fa91-s017-2026-01-22T22:49:41.636157Z,,,20.230762,26.719401,Beetroot
user008,user008-d149fa91-s017-2026-01-22T22:49:41.636157Z,,,29.131258,34.239353,Before
user008,user008-d149fa91-s017-2026-01-22T22:49:41.636157Z,,,39.07027,44.071126,Behind
user008,user008-d149fa91-s017-2026-01-22T22:49:41.636157Z,,,46.425905,52.198511,Bell
user008,user008-d149fa91-s017-2026-01-22T22:49:41.636157Z,,,54.986358,59.939491,Belt
user008,user008-d149fa91-s017-2026-01-22T22:49:41.636157Z,,,61.838549,67.117973,Better
user008,user008-d149fa91-s018-2026-01-22T22:51:11.112514Z,,,2.003547,8.735441,Bib
user008,user008-d149fa91-s018-2026-01-22T22:51:11.112514Z,,,10.25108,14.73582,Big
user008,user008-d149fa91-s018-2026-01-22T22:51:11.112514Z,,,26.560906,34.081737,Bill
user008,user008-d149fa91-s018-2026-01-22T22:51:11.112514Z,,,41.442381,47.088151,Birds
user008,user008-d149fa91-s018-2026-01-22T22:51:11.112514Z,,,49.305176,54.726396,Birthday
user008,user008-d149fa91-s018-2026-01-22T22:51:11.112514Z,,,56.889409,61.985087,Biscuit
user008,user008-d149fa91-s018-2026-01-22T22:51:11.112514Z,,,64.317875,70.852441,Bite
user008,user008-d149fa91-s018-2026-01-22T22:51:11.112514Z,,,72.961798,78.18938,Black
user008,user008-d149fa91-s019-2026-01-22T22:52:53.611548Z,,,1.422054,6.584011,Blow
user008,user008-d149fa91-s019-2026-01-22T22:52:53.611548Z,,,8.083628,12.444142,Blue
user008,user008-d149fa91-s019-2026-01-22T22:52:53.611548Z,,,14.475579,20.263037,Boat
user008,user008-d149fa91-s019-2026-01-22T22:52:53.611548Z,,,26.391702,33.512225,Bolt
user008,user008-d149fa91-s019-2026-01-22T22:52:53.611548Z,,,35.32232,40.984881,Book
user008,user008-d149fa91-s019-2026-01-22T22:52:53.611548Z,,,44.655369,49.762517,Bowl
user008,user008-d149fa91-s019-2026-01-22T22:52:53.611548Z,,,51.491282,56.788412,Boy
user008,user008-d149fa91-s021-2026-01-22T22:54:30.460880Z,,,1.1699,7.013782,Brain
user008,user008-d149fa91-s021-2026-01-22T22:54:30.460880Z,,,9.235923,14.793963,Bread
user008,user008-d149fa91-s021-2026-01-22T22:54:30.460880Z,,,17.322377,24.201341,Breathe
user008,user008-d149fa91-s021-2026-01-22T22:54:30.460880Z,,,26.698189,32.204439,Bright
user008,user008-d149fa91-s021-2026-01-22T22:54:30.460880Z,,,35.324097,40.896106,Brown
user008,user008-d149fa91-s021-2026-01-22T22:54:30.460880Z,,,44.933219,50.620812,Bullockcart
user008,user008-d149fa91-s021-2026-01-22T22:54:30.460880Z,,,53.884179,59.518229,Bus
user008,user008-d149fa91-s021-2026-01-22T22:54:30.460880Z,,,64.654469,70.435758,Button
user008,user008-d149fa91-s022-2026-01-22T22:56:18.122856Z,,,2.037641,6.860949,Byte
user008,user008-d149fa91-s022-2026-01-22T22:56:18.122856Z,,,14.09447,20.319522,Cage
user008,user008-d149fa91-s022-2026-01-22T22:56:18.122856Z,,,22.115363,26.878235,Calculator
user008,user008-d149fa91-s023-2026-01-22T22:57:18.259982Z,,,5.254757,14.140446,Calf
user008,user008-d149fa91-s023-2026-01-22T22:57:18.259982Z,,,16.289916,20.705546,Call
user008,user008-d149fa91-s023-2026-01-22T22:57:18.259982Z,,,22.184559,26.645046,Camera
user008,user008-d149fa91-s024-2026-01-22T22:59:28.936499Z,,,1.257793,8.840008,Campus
user008,user008-d149fa91-s024-2026-01-22T22:59:28.936499Z,,,11.596008,17.738622,Candle
user008,user008-d149fa91-s025-2026-01-22T23:00:00.176266Z,,,3.731945,8.328507,Candy
user008,user008-d149fa91-s027-2026-01-23T18:28:01.429783Z,,,6.05505,12.387346,Capital
user008,user008-d149fa91-s027-2026-01-23T18:28:01.429783Z,,,17.74884,25.001028,Car
user008,user008-d149fa91-s028-2026-01-23T18:28:47.159037Z,,,3.257065,8.795339,Careful
user008,user008-d149fa91-s029-2026-01-23T18:29:34.688043Z,,,2.852311,9.126197,Cat
user008,user008-d149fa91-s030-2026-01-23T18:30:13.788689Z,,,3.067775,8.680301,Catch
user008,user008-d149fa91-s030-2026-01-23T18:30:13.788689Z,,,19.655002,27.87248,Cave
user008,user008-d149fa91-s032-2026-01-23T18:31:31.833592Z,,,2.162863,9.765724,Century
user008,user008-d149fa91-s032-2026-01-23T18:31:31.833592Z,,,11.792734,17.053404,Chair
user008,user008-d149fa91-s032-2026-01-23T18:31:31.833592Z,,,19.04571,24.460229,Change
user008,user008-d149fa91-s032-2026-01-23T18:31:31.833592Z,,,27.599185,33.827483,Chart
user008,user008-d149fa91-s034-2026-01-23T18:32:48.253355Z,,,2.150483,6.60613,Cheap
user008,user008-d149fa91-s034-2026-01-23T18:32:48.253355Z,,,9.011833,13.34287,Child
user008,user008-d149fa91-s034-2026-01-23T18:32:48.253355Z,,,15.385024,20.339885,City
user008,user008-d149fa91-s037-2026-01-23T18:34:10.585833Z,,,2.091462,7.195141,Clarify
user008,user008-d149fa91-s038-2026-01-23T18:34:43.553956Z,,,1.76828,7.016885,Clean
user008,user008-d149fa91-s038-2026-01-23T18:34:43.553956Z,,,12.583872,17.957183,Clock
user008,user008-d149fa91-s038-2026-01-23T18:34:43.553956Z,,,20.882888,26.027744,Close
user008,user008-d149fa91-s038-2026-01-23T18:34:43.553956Z,,,30.525373,36.446461,Cloth
user008,user008-d149fa91-s038-2026-01-23T18:34:43.553956Z,,,38.937536,44.288326,Coat
user008,user008-d149fa91-s038-2026-01-23T18:34:43.553956Z,,,46.941677,52.379114,Coin
user008,user008-d149fa91-s039-2026-01-23T18:36:20.215783Z,,,2.504668,7.351384,Cold
user008,user008-d149fa91-s039-2026-01-23T18:36:20.215783Z,,,9.631288,14.106861,Colour
user008,user008-d149fa91-s039-2026-01-23T18:36:20.215783Z,,,16.891781,22.852185,Comb
user008,user008-d149fa91-s039-2026-01-23T18:36:20.215783Z,,,25.408647,32.549823,Computer
user008,user008-d149fa91-s039-2026-01-23T18:36:20.215783Z,,,34.514686,39.721947,Concept
user008,user008-d149fa91-s039-2026-01-23T18:36:20.215783Z,,,42.441525,49.460135,Cook
user008,user008-d149fa91-s039-2026-01-23T18:36:20.215783Z,,,52.296476,58.431774,Cool
user008,user008-d149fa91-s039-2026-01-23T18:36:20.215783Z,,,61.144425,68.56574,Court
user008,user008-d149fa91-s039-2026-01-23T18:36:20.215783Z,,,71.026106,77.098162,Cow
user008,user008-d149fa91-s039-2026-01-23T18:36:20.215783Z,,,79.171429,84.63777,Cry
user008,user008-d149fa91-s040-2026-01-23T18:39:33.783558Z,,,17.310479,22.982077,Cupboard
user008,user008-d149fa91-s040-2026-01-23T18:39:33.783558Z,,,25.806741,32.840128,Cure
user008,user008-d149fa91-s040-2026-01-23T18:39:33.783558Z,,,37.25987,42.166629,Cute
user008,user008-d149fa91-s040-2026-01-23T18:39:33.783558Z,,,48.466237,54.827633,Cycle
user008,user008-d149fa91-s040-2026-01-23T18:39:33.783558Z,,,57.193424,62.588045,Dance
user008,user008-d149fa91-s040-2026-01-23T18:39:33.783558Z,,,65.729149,71.419041,Dark
user008,user008-d149fa91-s041-2026-01-23T18:41:18.682886Z,,,3.754645,10.085156,Dash
user008,user008-d149fa91-s041-2026-01-23T18:41:18.682886Z,,,12.586162,19.425445,Date
user008,user008-d149fa91-s041-2026-01-23T18:41:18.682886Z,,,22.068478,28.457918,Daughter
user008,user008-d149fa91-s041-2026-01-23T18:41:18.682886Z,,,36.461733,41.553847,Day
user008,user008-d149fa91-s041-2026-01-23T18:41:18.682886Z,,,55.79824,62.492161,Daydream
user008,user008-d149fa91-s043-2026-01-23T18:52:29.672133Z,,,4.825655,10.398103,Deadline
user008,user008-d149fa91-s043-2026-01-23T18:52:29.672133Z,,,12.503389,17.620421,Deaf
user008,user008-d149fa91-s043-2026-01-23T18:52:29.672133Z,,,20.043607,25.915679,Deer
user008,user008-d149fa91-s043-2026-01-23T18:52:29.672133Z,,,34.927302,41.290105,Discount
user008,user008-d149fa91-s043-2026-01-23T18:52:29.672133Z,,,43.693818,49.001157,Doctor
user008,user008-d149fa91-s043-2026-01-23T18:52:29.672133Z,,,51.691013,57.360266,Dog
user008,user008-d149fa91-s044-2026-01-23T18:54:18.985554Z,,,1.570189,8.602477,Donkey
user008,user008-d149fa91-s044-2026-01-23T18:54:18.985554Z,,,10.740201,16.879445,Door
user008,user008-d149fa91-s044-2026-01-23T18:54:18.985554Z,,,18.778052,24.827501,Dream
user008,user008-d149fa91-s044-2026-01-23T18:54:18.985554Z,,,26.612263,33.454199,Dress
user008,user008-d149fa91-s044-2026-01-23T18:54:18.985554Z,,,35.546838,41.005138,Drink
user008,user008-d149fa91-s044-2026-01-23T18:54:18.985554Z,,,42.568705,47.753299,Dry
user008,user008-d149fa91-s044-2026-01-23T18:54:18.985554Z,,,50.114851,56.019901,Duck
user008,user008-d149fa91-s045-2026-01-23T19:06:05.450671Z,,,6.738215,14.306156,Eagle
user008,user008-d149fa91-s045-2026-01-23T19:06:05.450671Z,,,17.400698,23.655091,Earrings
user008,user008-d149fa91-s045-2026-01-23T19:06:05.450671Z,,,25.666535,31.51989,Earthquake
user008,user008-d149fa91-s045-2026-01-23T19:06:05.450671Z,,,33.925874,39.794949,East
user008,user008-d149fa91-s045-2026-01-23T19:06:05.450671Z,,,41.842962,46.72547,Easy
user008,user008-d149fa91-s045-2026-01-23T19:06:05.450671Z,,,48.708276,53.282025,Eat
user008,user008-d149fa91-s046-2026-01-23T19:08:10.642312Z,,,2.159369,8.223098,Eco
user008,user008-d149fa91-s046-2026-01-23T19:08:10.642312Z,,,11.989613,17.704492,Editor
user008,user008-d149fa91-s046-2026-01-23T19:08:10.642312Z,,,19.927162,25.761164,Education
user008,user008-d149fa91-s050-2026-01-23T19:10:22.755083Z,,,7.502203,12.362685,Election
user008,user008-d149fa91-s051-2026-01-23T19:12:10.452834Z,,,6.643927,10.818605,Elephant
user008,user008-d149fa91-s051-2026-01-23T19:12:10.452834Z,,,17.072125,21.032111,Energy
user008,user008-d149fa91-s053-2026-01-23T19:15:38.787206Z,,,6.374438,11.962586,Enter
user008,user008-d149fa91-s053-2026-01-23T19:15:38.787206Z,,,13.662682,18.952058,Evening
user008,user008-d149fa91-s053-2026-01-23T19:15:38.787206Z,,,20.725452,26.085763,Exercise
user008,user008-d149fa91-s053-2026-01-23T19:15:38.787206Z,,,31.445842,36.464871,Expensive
user008,user008-d149fa91-s053-2026-01-23T19:15:38.787206Z,,,38.054029,44.546804,Factory
user008,user008-d149fa91-s054-2026-01-23T19:17:01.243676Z,,,2.016176,7.240881,Fall
user008,user008-d149fa91-s054-2026-01-23T19:17:01.243676Z,,,9.655236,14.673039,Family
user008,user008-d149fa91-s054-2026-01-23T19:17:01.243676Z,,,16.429197,21.663044,Famous
user008,user008-d149fa91-s055-2026-01-23T19:26:45.574005Z,,,5.725589,10.109092,Fan
user008,user008-d149fa91-s055-2026-01-23T19:26:45.574005Z,,,12.107911,18.703786,Farm
user008,user008-d149fa91-s055-2026-01-23T19:26:45.574005Z,,,19.974535,25.227113,Fast
user008,user008-d149fa91-s055-2026-01-23T19:26:45.574005Z,,,27.182587,32.17146,Fat
user008,user008-d149fa91-s055-2026-01-23T19:26:45.574005Z,,,33.627113,38.908832,Father
user008,user008-d149fa91-s055-2026-01-23T19:26:45.574005Z,,,40.830081,45.786131,Favourite
user008,user008-d149fa91-s055-2026-01-23T19:26:45.574005Z,,,47.516755,53.287872,Fear
user008,user008-d149fa91-s055-2026-01-23T19:26:45.574005Z,,,54.727569,59.442624,Feel
user008,user008-d149fa91-s055-2026-01-23T19:26:45.574005Z,,,61.368498,66.212413,Female
user008,user008-d149fa91-s055-2026-01-23T19:26:45.574005Z,,,67.905018,73.28242,Few
user008,user008-d149fa91-s055-2026-01-23T19:26:45.574005Z,,,78.128939,83.252867,Find
user008,user008-d149fa91-s055-2026-01-23T19:26:45.574005Z,,,85.398877,90.265408,Fine
user008,user008-d149fa91-s055-2026-01-23T19:26:45.574005Z,,,92.86284,97.973295,Finish
user008,user008-d149fa91-s055-2026-01-23T19:26:45.574005Z,,,99.998683,105.705631,Fire
user008,user008-d149fa91-s055-2026-01-23T19:26:45.574005Z,,,108.173387,113.707708,Fish
user008,user008-d149fa91-s056-2026-01-23T19:28:57.541282Z,,,1.092486,6.07559,Flag
user008,user008-d149fa91-s056-2026-01-23T19:28:57.541282Z,,,7.905201,12.383994,Flower
user008,user008-d149fa91-s056-2026-01-23T19:28:57.541282Z,,,14.17973,18.743909,Food
user008,user008-d149fa91-s056-2026-01-23T19:28:57.541282Z,,,20.673023,26.075634,Football
user008,user008-d149fa91-s056-2026-01-23T19:28:57.541282Z,,,28.168216,34.067259,Fox
user008,user008-d149fa91-s056-2026-01-23T19:28:57.541282Z,,,36.242791,41.120699,Friend
user008,user008-d149fa91-s056-2026-01-23T19:28:57.541282Z,,,42.886004,48.620373,Funny
user008,user008-d149fa91-s056-2026-01-23T19:28:57.541282Z,,,51.236499,56.866277,Game
user008,user008-d149fa91-s057-2026-01-23T19:30:11.734397Z,,,5.926118,11.948562,Garden
user008,user008-d149fa91-s057-2026-01-23T19:30:11.734397Z,,,14.293865,19.533762,Gate
user008,user008-d149fa91-s057-2026-01-23T19:30:11.734397Z,,,21.267881,25.987444,Get
user008,user008-d149fa91-s057-2026-01-23T19:30:11.734397Z,,,27.945829,32.756206,Gift
user008,user008-d149fa91-s059-2026-01-23T20:56:34.385264Z,,,13.759025,19.620803,Giraffe
user008,user008-d149fa91-s059-2026-01-23T20:56:34.385264Z,,,22.47325,28.518354,Girl
user008,user008-d149fa91-s059-2026-01-23T20:56:34.385264Z,,,31.346785,37.365919,Give
user008,user008-d149fa91-s059-2026-01-23T20:56:34.385264Z,,,40.408457,46.966477,Glass
user008,user008-d149fa91-s060-2026-01-23T20:58:11.545812Z,,,6.149404,13.150061,Glove
user008,user008-d149fa91-s060-2026-01-23T20:58:11.545812Z,,,18.757155,25.483954,Gloves
user008,user008-d149fa91-s060-2026-01-23T20:58:11.545812Z,,,27.760603,32.915037,Go
user008,user008-d149fa91-s061-2026-01-23T21:00:25.981206Z,,,1.86831,6.876267,God
user008,user008-d149fa91-s061-2026-01-23T21:00:25.981206Z,,,11.683347,18.223892,Golf
user008,user008-d149fa91-s061-2026-01-23T21:00:25.981206Z,,,20.040943,24.898216,Good
user008,user008-d149fa91-s061-2026-01-23T21:00:25.981206Z,,,27.975438,32.99843,Goodafternoon
user008,user008-d149fa91-s061-2026-01-23T21:00:25.981206Z,,,34.595961,40.142753,Goodevening
user008,user008-d149fa91-s061-2026-01-23T21:00:25.981206Z,,,41.972498,46.876943,Goodmorning
user008,user008-d149fa91-s061-2026-01-23T21:00:25.981206Z,,,49.049017,53.99357,Goodnight
user008,user008-d149fa91-s062-2026-01-23T21:02:16.262289Z,,,1.398066,6.871173,Google
user008,user008-d149fa91-s062-2026-01-23T21:02:16.262289Z,,,10.374321,16.714082,Grandfather
user008,user008-d149fa91-s062-2026-01-23T21:02:16.262289Z,,,27.129751,32.640631,Grandmother
user008,user008-d149fa91-s062-2026-01-23T21:02:16.262289Z,,,36.104434,41.285238,Green
user008,user008-d149fa91-s063-2026-01-23T21:03:20.248849Z,,,1.466633,8.131512,Grey
user008,user008-d149fa91-s063-2026-01-23T21:03:20.248849Z,,,10.64027,15.676909,Gun
user008,user008-d149fa91-s064-2026-01-23T21:03:51.254743Z,,,1.979227,7.347019,Half
user008,user008-d149fa91-s064-2026-01-23T21:03:51.254743Z,,,9.735046,15.196094,Hammer
user008,user008-d149fa91-s065-2026-01-23T21:04:33.404600Z,,,1.729533,7.496356,Handcuffs
user008,user008-d149fa91-s065-2026-01-23T21:04:33.404600Z,,,10.81434,18.453858,Handle
user008,user008-d149fa91-s067-2026-01-23T21:06:01.958224Z,,,1.608693,7.060435,Hang
user008,user008-d149fa91-s067-2026-01-23T21:06:01.958224Z,,,8.780458,13.96108,Happy
user008,user008-d149fa91-s067-2026-01-23T21:06:01.958224Z,,,15.281201,21.210715,Hard
user008,user008-d149fa91-s067-2026-01-23T21:06:01.958224Z,,,23.15906,28.671847,Hat
user008,user008-d149fa91-s067-2026-01-23T21:06:01.958224Z,,,30.965241,35.88859,Have
user008,user008-d149fa91-s067-2026-01-23T21:06:01.958224Z,,,38.223113,43.628102,He
user008,user008-d149fa91-s067-2026-01-23T21:06:01.958224Z,,,45.341738,50.783784,Head
user008,user008-d149fa91-s067-2026-01-23T21:06:01.958224Z,,,54.089214,58.729878,Health
user008,user008-d149fa91-s067-2026-01-23T21:06:01.958224Z,,,60.395483,65.519036,Hearing
user008,user008-d149fa91-s067-2026-01-23T21:06:01.958224Z,,,67.858582,74.570436,Heart
user008,user008-d149fa91-s067-2026-01-23T21:06:01.958224Z,,,76.560232,82.431186,Heavy
user008,user008-d149fa91-s067-2026-01-23T21:06:01.958224Z,,,85.006098,90.246531,Hello
user008,user008-d149fa91-s067-2026-01-23T21:06:01.958224Z,,,92.23226,96.220347,Help
user008,user008-d149fa91-s067-2026-01-23T21:06:01.958224Z,,,99.955246,105.311174,Her
user008,user008-d149fa91-s068-2026-01-23T21:08:07.770949Z,,,7.608708,13.618468,Hideandseek
user008,user008-d149fa91-s068-2026-01-23T21:08:07.770949Z,,,16.653615,22.875765,Hill
user008,user008-d149fa91-s068-2026-01-23T21:08:07.770949Z,,,25.676031,31.764735,His
user008,user008-d149fa91-s069-2026-01-23T21:09:00.617246Z,,,4.649268,9.282529,Hit
user008,user008-d149fa91-s069-2026-01-23T21:09:00.617246Z,,,11.203412,16.614161,Holiday
user008,user008-d149fa91-s069-2026-01-23T21:09:00.617246Z,,,18.510623,24.24754,Horse
user008,user008-d149fa91-s071-2026-01-23T21:10:16.901441Z,,,1.716747,7.004347,Hot
user008,user008-d149fa91-s071-2026-01-23T21:10:16.901441Z,,,8.542611,13.769565,Hour
user008,user008-d149fa91-s071-2026-01-23T21:10:16.901441Z,,,17.130226,22.294361,House
user008,user008-d149fa91-s071-2026-01-23T21:10:16.901441Z,,,24.072821,29.481765,Husband
user008,user008-d149fa91-s071-2026-01-23T21:10:16.901441Z,,,32.364251,37.199356,I
user008,user008-d149fa91-s071-2026-01-23T21:10:16.901441Z,,,43.909737,50.661089,Income
user008,user008-d149fa91-s071-2026-01-23T21:10:16.901441Z,,,53.538349,59.685047,India
user008,user008-d149fa91-s071-2026-01-23T21:10:16.901441Z,,,61.498267,66.321854,It
user008,user008-d149fa91-s074-2026-01-23T21:30:05.631423Z,,,1.929912,7.316816,Jail
user008,user008-d149fa91-s074-2026-01-23T21:30:05.631423Z,,,8.980182,13.828534,Jealous
user008,user008-d149fa91-s074-2026-01-23T21:30:05.631423Z,,,16.609154,22.357515,Jewelery
user008,user008-d149fa91-s074-2026-01-23T21:30:05.631423Z,,,28.792571,33.168744,Job
user008,user008-d149fa91-s074-2026-01-23T21:30:05.631423Z,,,37.651431,42.261882,Join
user008,user008-d149fa91-s076-2026-01-23T21:31:24.919551Z,,,8.131113,12.001212,Judge
user008,user008-d149fa91-s079-2026-01-23T21:32:54.612786Z,,,1.270757,6.392948,Justify
user008,user008-d149fa91-s079-2026-01-23T21:32:54.612786Z,,,8.771248,13.536563,Key
user008,user008-d149fa91-s080-2026-01-23T21:33:22.348273Z,,,1.609519,6.938378,Kid
user008,user008-d149fa91-s081-2026-01-23T21:34:14.668466Z,,,0.916655,7.558602,Kid
user008,user008-d149fa91-s081-2026-01-23T21:34:14.668466Z,,,14.354138,18.434529,Kidnap
user008,user008-d149fa91-s081-2026-01-23T21:34:14.668466Z,,,26.165746,30.758282,King
user008,user008-d149fa91-s081-2026-01-23T21:34:14.668466Z,,,34.819283,41.235949,Kitchen
user008,user008-d149fa91-s082-2026-01-23T21:35:11.120147Z,,,1.468505,5.863556,Kite
user008,user008-d149fa91-s083-2026-01-23T21:35:34.695722Z,,,1.140793,6.812846,Knife
user008,user008-d149fa91-s083-2026-01-23T21:35:34.695722Z,,,9.012407,14.601331,Knock
user008,user008-d149fa91-s084-2026-01-23T21:36:06.181641Z,,,1.757166,9.024975,Ladder
user008,user008-d149fa91-s084-2026-01-23T21:36:06.181641Z,,,12.735254,17.105339,Lady
user008,user008-d149fa91-s084-2026-01-23T21:36:06.181641Z,,,19.866236,24.831929,Lamp
user008,user008-d149fa91-s084-2026-01-23T21:36:06.181641Z,,,27.392553,33.714286,Laptop
user008,user008-d149fa91-s084-2026-01-23T21:36:06.181641Z,,,35.95126,41.235509,Large
user008,user008-d149fa91-s084-2026-01-23T21:36:06.181641Z,,,49.662587,55.442025,Lawyer
user008,user008-d149fa91-s084-2026-01-23T21:36:06.181641Z,,,57.979596,62.741141,Letter
user008,user008-d149fa91-s084-2026-01-23T21:36:06.181641Z,,,64.592779,70.406574,Library
user008,user008-d149fa91-s085-2026-01-23T21:37:32.635318Z,,,0.976907,5.5936,Light
user008,user008-d149fa91-s085-2026-01-23T21:37:32.635318Z,,,7.803853,14.59718,Lightning
user008,user008-d149fa91-s086-2026-01-23T21:38:05.262317Z,,,1.244986,6.339273,Lion
user008,user008-d149fa91-s086-2026-01-23T21:38:05.262317Z,,,14.541153,17.526438,Little
user008,user008-d149fa91-s086-2026-01-23T21:38:05.262317Z,,,28.513813,33.538028,Liver
user008,user008-d149fa91-s086-2026-01-23T21:38:05.262317Z,,,38.11611,43.591306,Location
user008,user008-d149fa91-s086-2026-01-23T21:38:05.262317Z,,,45.709764,52.142936,Lock
user008,user008-d149fa91-s086-2026-01-23T21:38:05.262317Z,,,60.472565,65.294854,Lock
user008,user008-d149fa91-s086-2026-01-23T21:38:05.262317Z,,,66.976185,72.371091,Loud
user008,user008-d149fa91-s086-2026-01-23T21:38:05.262317Z,,,78.522941,82.612652,Low
user008,user008-d149fa91-s086-2026-01-23T21:38:05.262317Z,,,84.185629,90.174542,Lunch
user008,user008-d149fa91-s086-2026-01-23T21:38:05.262317Z,,,92.903032,98.661714,Man
user008,user008-d149fa91-s087-2026-01-23T21:41:10.925384Z,,,12.263025,17.972989,Manager
user008,user008-d149fa91-s087-2026-01-23T21:41:10.925384Z,,,20.286545,24.903213,Mango
user008,user008-d149fa91-s088-2026-01-23T21:41:50.725161Z,,,5.847499,10.342235,Market
user008,user008-d149fa91-s088-2026-01-23T21:41:50.725161Z,,,12.615259,17.021564,Marry
